{"train/peak_mem": 3.6812081336975098, "train/step_consumption": 317.7659511566162, "train/epoch": 317.46, "train/global_step": 20000, "_timestamp": 1744448096.1511526, "_runtime": 7995.5525805950165, "_step": 42061, "peak_mem": 3.6812081336975098, "step_consumption": 317.7659511566162, "train/loss": 0.1561, "train/learning_rate": 0.01, "test/acc": 0.8990825688073395, "train/val_acc": 0.92, "test_acc": 0.8990825688073395, "val_acc": 0.92, "eval/loss": 0.289306640625, "eval/runtime": 5.6197, "eval/samples_per_second": 155.17, "eval/steps_per_second": 19.396, "train_runtime": 7906.7039, "train_samples_per_second": 40.472, "train_steps_per_second": 2.529, "total_flos": 1.863188504861737e+17, "train_loss": 0.29731507873535157, "train/train_runtime": 7906.7039, "train/train_samples_per_second": 40.472, "train/train_steps_per_second": 2.529, "train/total_flos": 1.863188504861737e+17, "train/train_loss": 0.29731507873535157, "accuracy": 0.908256880733945, "test_accuracy": 0.908256880733945, "val_accuracy": 0.898, "_wandb": {"runtime": 7994}}