{"train/peak_mem": 26.10723114013672, "train/step_consumption": 19075.38414001465, "train/epoch": 172.24, "train/global_step": 10851, "_timestamp": 1740822428.2298305, "_runtime": 234259.67932748795, "_step": 22816, "peak_mem": 26.10723114013672, "step_consumption": 19075.38414001465, "train/loss": 0.8366, "train/learning_rate": 1e-08, "test/acc": 0.606651376146789, "train/val_acc": 0.614, "test_acc": 0.606651376146789, "val_acc": 0.614, "eval/loss": 0.85302734375, "eval/runtime": 12.6939, "eval/samples_per_second": 68.695, "eval/steps_per_second": 8.587, "_wandb": {"runtime": 234264}}