{"train/peak_mem": 6.512660503387451, "train/step_consumption": 6084.972381591797, "train/epoch": 317.46, "train/global_step": 20000, "_timestamp": 1740551200.5618658, "_runtime": 117267.733771801, "_step": 42061, "peak_mem": 6.512660503387451, "step_consumption": 6084.972381591797, "train/loss": 0.3494, "train/learning_rate": 1e-08, "test/acc": 0.8795871559633027, "train/val_acc": 0.858, "test_acc": 0.8795871559633027, "val_acc": 0.858, "eval/loss": 0.294189453125, "eval/runtime": 6.5965, "eval/samples_per_second": 132.191, "eval/steps_per_second": 16.524, "train_runtime": 117170.853, "train_samples_per_second": 2.731, "train_steps_per_second": 0.171, "total_flos": 1.860766920427438e+17, "train_loss": 0.4843557403564453, "train/train_runtime": 117170.853, "train/train_samples_per_second": 2.731, "train/train_steps_per_second": 0.171, "train/total_flos": 1.860766920427438e+17, "train/train_loss": 0.4843557403564453, "accuracy": 0.8795871559633027, "test_accuracy": 0.8795871559633027, "val_accuracy": 0.86, "_wandb": {"runtime": 117268}}