{"train/peak_mem": 3.6812081336975098, "train/step_consumption": 273.03338050842285, "train/epoch": 77.46, "train/global_step": 4880, "_timestamp": 1744439952.48274, "_runtime": 1870.0983958244324, "_step": 10259, "peak_mem": 3.6812081336975098, "step_consumption": 273.03338050842285, "train/loss": 0.6739, "train/learning_rate": 0.05, "test/acc": 0.5848623853211009, "train/val_acc": 0.622, "test_acc": 0.5848623853211009, "val_acc": 0.622, "eval/loss": 0.6728515625, "eval/runtime": 5.4901, "eval/samples_per_second": 158.833, "eval/steps_per_second": 19.854, "_wandb": {"runtime": 1869}}