{"train/peak_mem": 3.6812081336975098, "train/step_consumption": 439.38469886779785, "train/epoch": 21.46, "train/global_step": 1352, "_timestamp": 1744467033.6088593, "_runtime": 696.7469103336334, "_step": 2841, "peak_mem": 3.6812081336975098, "step_consumption": 439.38469886779785, "train/loss": 0.607, "train/learning_rate": 0.01, "test/acc": 0.6192660550458715, "train/val_acc": 0.644, "test_acc": 0.6192660550458715, "val_acc": 0.644, "eval/loss": 0.7705078125, "eval/runtime": 6.5132, "eval/samples_per_second": 133.881, "eval/steps_per_second": 16.735, "_wandb": {"runtime": 696}}