{"train/peak_mem": 3.6841378211975098, "train/step_consumption": 325.61421394348145, "train/epoch": 317.46, "train/global_step": 20000, "_timestamp": 1744485224.4628758, "_runtime": 9925.769619941711, "_step": 42061, "peak_mem": 3.6841378211975098, "step_consumption": 325.61421394348145, "train/loss": 0.1646, "train/learning_rate": 0.001, "test/acc": 0.8772935779816514, "train/val_acc": 0.91, "test_acc": 0.8772935779816514, "val_acc": 0.91, "eval/loss": 0.360595703125, "eval/runtime": 5.5303, "eval/samples_per_second": 157.676, "eval/steps_per_second": 19.709, "train_runtime": 9824.6313, "train_samples_per_second": 32.571, "train_steps_per_second": 2.036, "total_flos": 1.863188504861737e+17, "train_loss": 0.2987417881011963, "train/train_runtime": 9824.6313, "train/train_samples_per_second": 32.571, "train/train_steps_per_second": 2.036, "train/total_flos": 1.863188504861737e+17, "train/train_loss": 0.2987417881011963, "accuracy": 0.9162844036697247, "test_accuracy": 0.9162844036697247, "val_accuracy": 0.914, "_wandb": {"runtime": 9925}}