{"train/peak_mem": 3.677654266357422, "train/step_consumption": 9037.766933441162, "train/epoch": 36.19, "train/global_step": 2280, "_timestamp": 1744438063.2841718, "_runtime": 20658.191448926926, "_step": 4793, "peak_mem": 3.677654266357422, "step_consumption": 9037.766933441162, "train/loss": 0.0, "train/learning_rate": 0.05, "test/acc": 0.4908256880733945, "train/val_acc": 0.42, "test_acc": 0.4908256880733945, "val_acc": 0.42, "eval/loss": NaN, "eval/runtime": 6.565, "eval/samples_per_second": 132.825, "eval/steps_per_second": 16.603, "_wandb": {"runtime": 20657}}