{"train/peak_mem": 3.6841378211975098, "train/step_consumption": 343.1284427642822, "train/epoch": 184.65, "train/global_step": 11633, "_timestamp": 1744465940.734657, "_runtime": 5098.1005859375, "_step": 24461, "peak_mem": 3.6841378211975098, "step_consumption": 343.1284427642822, "train/loss": 0.0, "train/learning_rate": 0.01, "test/acc": 0.4908256880733945, "train/val_acc": 0.42, "test_acc": 0.4908256880733945, "val_acc": 0.42, "eval/loss": NaN, "eval/runtime": 5.8696, "eval/samples_per_second": 148.561, "eval/steps_per_second": 18.57, "_wandb": {"runtime": 5097}}