{"train/peak_mem": 6.010823726654053, "train/step_consumption": 9025.402545928955, "train/epoch": 0.48, "train/global_step": 30, "_timestamp": 1744814810.8903084, "_runtime": 286.113005399704, "_step": 62, "peak_mem": 6.010823726654053, "step_consumption": 9025.402545928955, "train/loss": 0.0, "train/learning_rate": 0.5, "_wandb": {"runtime": 288}}