{"train/peak_mem": 3.6841378211975098, "train/step_consumption": 464.8020267486572, "train/epoch": 222.49, "train/global_step": 14017, "_timestamp": 1744474992.2276907, "_runtime": 7203.213685750961, "_step": 29476, "peak_mem": 3.6841378211975098, "step_consumption": 464.8020267486572, "train/loss": 0.2674, "train/learning_rate": 0.001, "test/acc": 0.8922018348623854, "train/val_acc": 0.916, "test_acc": 0.8922018348623854, "val_acc": 0.916, "eval/loss": 0.34228515625, "eval/runtime": 11.4411, "eval/samples_per_second": 76.217, "eval/steps_per_second": 9.527, "_wandb": {"runtime": 7202}}